[
    [
        {
            "time": "2011-03-11",
            "y": 50
        },
        {
            "time": "2011-03-14",
            "y": 58
        },
        {
            "time": "2011-03-15",
            "y": 79
        },
        {
            "time": "2011-03-17",
            "y": 25
        },
        {
            "time": "2011-03-21",
            "y": 57
        },
        {
            "time": "2011-03-22",
            "y": 22
        },
        {
            "time": "2011-03-23",
            "y": 55
        },
        {
            "time": "2011-03-24",
            "y": 114
        }
    ],
    [
        {
            "time": "2011-03-11",
            "y": 22
        },
        {
            "time": "2011-03-14",
            "y": 35
        },
        {
            "time": "2011-03-15",
            "y": 62
        },
        {
            "time": "2011-03-17",
            "y": 5
        },
        {
            "time": "2011-03-21",
            "y": 46
        },
        {
            "time": "2011-03-22",
            "y": 11
        },
        {
            "time": "2011-03-23",
            "y": 9
        },
        {
            "time": "2011-03-24",
            "y": 44
        }
    ],
    [
        {
            "time": "2011-03-11",
            "y": 22
        },
        {
            "time": "2011-03-14",
            "y": 2
        },
        {
            "time": "2011-03-15",
            "y": 3
        },
        {
            "time": "2011-03-17",
            "y": 3
        },
        {
            "time": "2011-03-21",
            "y": 2
        },
        {
            "time": "2011-03-22",
            "y": 0
        },
        {
            "time": "2011-03-23",
            "y": 0
        },
        {
            "time": "2011-03-24",
            "y": 31
        }
    ]
]