symbol,date,scores
NPI,Jan 2000,39.81
NPI,Feb 2000,36.35
NPI,Mar 2000,43.22
NPI,Apr 2000,28.37
NPI,May 2000,25.45
NPI,Jun 2000,32.54
NPI,Jul 2000,28.4
NPI,Aug 2000,28.4
NPI,Sep 2000,24.53
NPI,Oct 2000,28.02
NPI,Nov 2000,23.34
NPI,Dec 2000,17.65
NPI,Jan 2001,24.84
NPI,Feb 2001,24
NPI,Mar 2001,22.25
NPI,Apr 2001,27.56
NPI,May 2001,28.14
NPI,Jun 2001,29.7
NPI,Jul 2001,26.93
NPI,Aug 2001,23.21
NPI,Sep 2001,20.82
NPI,Oct 2001,23.65
NPI,Nov 2001,26.12
NPI,Dec 2001,26.95
NPI,Jan 2002,25.92
NPI,Feb 2002,23.73
NPI,Mar 2002,24.53
NPI,Apr 2002,21.26
NPI,May 2002,20.71
NPI,Jun 2002,22.25
NPI,Jul 2002,19.52
NPI,Aug 2002,19.97
NPI,Sep 2002,17.79
NPI,Oct 2002,21.75
NPI,Nov 2002,23.46
NPI,Dec 2002,21.03
NPI,Jan 2003,19.31
NPI,Feb 2003,19.34
NPI,Mar 2003,19.76
NPI,Apr 2003,20.87
NPI,May 2003,20.09
NPI,Jun 2003,20.93
NPI,Jul 2003,21.56
NPI,Aug 2003,21.65
NPI,Sep 2003,22.69
NPI,Oct 2003,21.45
NPI,Nov 2003,21.1
NPI,Dec 2003,22.46
NPI,Jan 2004,22.69
NPI,Feb 2004,21.77
NPI,Mar 2004,20.46
NPI,Apr 2004,21.45
NPI,May 2004,21.53
NPI,Jun 2004,23.44
NPI,Jul 2004,23.38
NPI,Aug 2004,22.47
NPI,Sep 2004,22.76
NPI,Oct 2004,23.02
NPI,Nov 2004,24.6
NPI,Dec 2004,24.52
NPI,Jan 2005,24.11
NPI,Feb 2005,23.15
NPI,Mar 2005,22.24
NPI,Apr 2005,23.28
NPI,May 2005,23.82
NPI,Jun 2005,22.93
NPI,Jul 2005,23.64
NPI,Aug 2005,25.35
NPI,Sep 2005,23.83
NPI,Oct 2005,23.8
NPI,Nov 2005,25.71
NPI,Dec 2005,24.29
NPI,Jan 2006,26.14
NPI,Feb 2006,25.04
NPI,Mar 2006,25.36
NPI,Apr 2006,22.5
NPI,May 2006,21.19
NPI,Jun 2006,21.8
NPI,Jul 2006,22.51
NPI,Aug 2006,24.13
NPI,Sep 2006,25.68
NPI,Oct 2006,26.96
NPI,Nov 2006,27.66
NPI,Dec 2006,28.13
NPI,Jan 2007,29.07
NPI,Feb 2007,26.63
NPI,Mar 2007,26.35
NPI,Apr 2007,28.3
NPI,May 2007,29.11
NPI,Jun 2007,27.95
NPI,Jul 2007,27.5
NPI,Aug 2007,27.34
NPI,Sep 2007,28.04
NPI,Oct 2007,35.03
NPI,Nov 2007,32.09
NPI,Dec 2007,34
NPI,Jan 2008,31.13
NPI,Feb 2008,26.07
NPI,Mar 2008,27.21
NPI,Apr 2008,27.34
NPI,May 2008,27.25
NPI,Jun 2008,26.47
NPI,Jul 2008,24.75
NPI,Aug 2008,26.36
NPI,Sep 2008,25.78
NPI,Oct 2008,21.57
NPI,Nov 2008,19.66
NPI,Dec 2008,18.91
NPI,Jan 2009,16.63
NPI,Feb 2009,15.81
NPI,Mar 2009,17.99
NPI,Apr 2009,19.84
NPI,May 2009,20.59
NPI,Jun 2009,23.42
NPI,Jul 2009,23.18
NPI,Aug 2009,24.43
NPI,Sep 2009,25.49
NPI,Oct 2009,27.48
NPI,Nov 2009,29.27
NPI,Dec 2009,30.34
NPI,Jan 2010,28.05
NPI,Feb 2010,28.67
NPI,Mar 2010,28.8
MOCA,Jan 2000,14.56
MOCA,Feb 2000,18.87
MOCA,Mar 2000,17
MOCA,Apr 2000,15.19
MOCA,May 2000,18.31
MOCA,Jun 2000,16.31
MOCA,Jul 2000,10.12
MOCA,Aug 2000,11.5
MOCA,Sep 2000,18.44
MOCA,Oct 2000,16.62
MOCA,Nov 2000,14.69
MOCA,Dec 2000,15.56
MOCA,Jan 2001,17.31
MOCA,Feb 2001,10.19
MOCA,Mar 2001,10.23
MOCA,Apr 2001,15.78
MOCA,May 2001,16.69
MOCA,Jun 2001,14.15
MOCA,Jul 2001,12.49
MOCA,Aug 2001,8.94
MOCA,Sep 2001,5.97
MOCA,Oct 2001,6.1
MOCA,Nov 2001,11.32
MOCA,Dec 2001,10.82
MOCA,Jan 2002,14.19
MOCA,Feb 2002,14.1
MOCA,Mar 2002,14.3
MOCA,Apr 2002,16.69
MOCA,May 2002,18.23
MOCA,Jun 2002,16.25
MOCA,Jul 2002,14.45
MOCA,Aug 2002,14.94
MOCA,Sep 2002,15.93
MOCA,Oct 2002,19.36
MOCA,Nov 2002,23.35
MOCA,Dec 2002,18.89
MOCA,Jan 2003,21.85
MOCA,Feb 2003,22.01
MOCA,Mar 2003,26.03
MOCA,Apr 2003,28.69
MOCA,May 2003,15.89
MOCA,Jun 2003,16.32
MOCA,Jul 2003,11.64
MOCA,Aug 2003,16.32
MOCA,Sep 2003,18.43
MOCA,Oct 2003,14.43
MOCA,Nov 2003,13.97
MOCA,Dec 2003,12.62
MOCA,Jan 2004,10.4
MOCA,Feb 2004,13.01
MOCA,Mar 2004,13.28
MOCA,Apr 2004,13.6
MOCA,May 2004,18.5
MOCA,Jun 2004,14.4
MOCA,Jul 2004,18.92
MOCA,Aug 2004,18.14
MOCA,Sep 2004,10.86
MOCA,Oct 2004,14.13
MOCA,Nov 2004,19.68
MOCA,Dec 2004,14.29
MOCA,Jan 2005,13.22
MOCA,Feb 2005,15.18
MOCA,Mar 2005,14.27
MOCA,Apr 2005,12.36
MOCA,May 2005,15.51
MOCA,Jun 2005,13.09
MOCA,Jul 2005,15.15
MOCA,Aug 2005,12.7
MOCA,Sep 2005,15.3
MOCA,Oct 2005,19.86
MOCA,Nov 2005,18.46
MOCA,Dec 2005,17.15
MOCA,Jan 2006,14.82
MOCA,Feb 2006,17.44
MOCA,Mar 2006,16.53
MOCA,Apr 2006,15.21
MOCA,May 2006,14.61
MOCA,Jun 2006,18.68
MOCA,Jul 2006,16.89
MOCA,Aug 2006,10.83
MOCA,Sep 2006,12.12
MOCA,Oct 2006,18.09
MOCA,Nov 2006,10.34
MOCA,Dec 2006,19.46
MOCA,Jan 2007,17.67
MOCA,Feb 2007,19.14
MOCA,Mar 2007,19.79
MOCA,Apr 2007,11.33
MOCA,May 2007,19.14
MOCA,Jun 2007,18.41
MOCA,Jul 2007,18.54
MOCA,Aug 2007,19.91
MOCA,Sep 2007,13.15
MOCA,Oct 2007,19.15
MOCA,Nov 2007,10.56
MOCA,Dec 2007,12.64
MOCA,Jan 2008,17.7
MOCA,Feb 2008,14.47
MOCA,Mar 2008,11.3
MOCA,Apr 2008,18.63
MOCA,May 2008,11.62
MOCA,Jun 2008,13.33
MOCA,Jul 2008,16.34
MOCA,Aug 2008,10.81
MOCA,Sep 2008,12.76
MOCA,Oct 2008,17.24
MOCA,Nov 2008,12.7
MOCA,Dec 2008,11.28
MOCA,Jan 2009,18.82
MOCA,Feb 2009,14.79
MOCA,Mar 2009,13.44
MOCA,Apr 2009,10.52
MOCA,May 2009,17.99
MOCA,Jun 2009,13.66
MOCA,Jul 2009,15.76
MOCA,Aug 2009,11.19
MOCA,Sep 2009,13.36
MOCA,Oct 2009,21.881
MOCA,Nov 2009,23.591
MOCA,Dec 2009,23.452
MOCA,Jan 2010,22.541
MOCA,Feb 2010,21.84
MOCA,Mar 2010,22.882
FAQ,Jan 2000,10.052
FAQ,Feb 2000,9.211
FAQ,Mar 2000,10.611
FAQ,Apr 2000,9.995
FAQ,May 2000,9.631
FAQ,Jun 2000,9.833
FAQ,Jul 2000,10.074
FAQ,Aug 2000,11.862
FAQ,Sep 2000,10.119
FAQ,Oct 2000,8.85
FAQ,Nov 2000,8.412
FAQ,Dec 2000,7.647
FAQ,Jan 2001,10.076
FAQ,Feb 2001,8.998
FAQ,Mar 2001,8.663
FAQ,Apr 2001,10.37
FAQ,May 2001,10.082
FAQ,Jun 2001,10.235
FAQ,Jul 2001,9.487
FAQ,Aug 2001,9.025
FAQ,Sep 2001,8.282
FAQ,Oct 2001,9.758
FAQ,Nov 2001,10.45
FAQ,Dec 2001,10.936
FAQ,Jan 2002,9.754
FAQ,Feb 2002,8.882
FAQ,Mar 2002,9.415
FAQ,Apr 2002,7.582
FAQ,May 2002,7.297
FAQ,Jun 2002,6.531
FAQ,Jul 2002,6.386
FAQ,Aug 2002,6.852
FAQ,Sep 2002,5.301
FAQ,Oct 2002,7.176
FAQ,Nov 2002,7.916
FAQ,Dec 2002,7.058
FAQ,Jan 2003,7.122
FAQ,Feb 2003,7.113
FAQ,Mar 2003,7.157
FAQ,Apr 2003,7.747
FAQ,May 2003,8.048
FAQ,Jun 2003,7.542
FAQ,Jul 2003,7.428
FAQ,Aug 2003,7.512
FAQ,Sep 2003,8.091
FAQ,Oct 2003,8.196
FAQ,Nov 2003,8.308
FAQ,Dec 2003,8.505
FAQ,Jan 2004,9.106
FAQ,Feb 2004,8.87
FAQ,Mar 2004,8.441
FAQ,Apr 2004,8.104
FAQ,May 2004,8.159
FAQ,Jun 2004,8.119
FAQ,Jul 2004,8.019
FAQ,Aug 2004,7.817
FAQ,Sep 2004,7.913
FAQ,Oct 2004,8.284
FAQ,Nov 2004,8.715
FAQ,Dec 2004,9.116
FAQ,Jan 2005,8.639
FAQ,Feb 2005,8.578
FAQ,Mar 2005,8.466
FAQ,Apr 2005,7.077
FAQ,May 2005,7.018
FAQ,Jun 2005,6.893
FAQ,Jul 2005,7.753
FAQ,Aug 2005,7.507
FAQ,Sep 2005,7.47
FAQ,Oct 2005,7.625
FAQ,Nov 2005,8.298
FAQ,Dec 2005,7.673
FAQ,Jan 2006,7.589
FAQ,Feb 2006,7.509
FAQ,Mar 2006,7.717
FAQ,Apr 2006,7.705
FAQ,May 2006,7.504
FAQ,Jun 2006,7.215
FAQ,Jul 2006,7.27
FAQ,Aug 2006,7.635
FAQ,Sep 2006,7.726
FAQ,Oct 2006,8.706
FAQ,Nov 2006,8.695
FAQ,Dec 2006,9.19
FAQ,Jan 2007,9.379
FAQ,Feb 2007,8.818
FAQ,Mar 2007,8.944
FAQ,Apr 2007,9.698
FAQ,May 2007,10.154
FAQ,Jun 2007,10.025
FAQ,Jul 2007,10.54
FAQ,Aug 2007,11.154
FAQ,Sep 2007,11.26
FAQ,Oct 2007,11.13
FAQ,Nov 2007,10.09
FAQ,Dec 2007,10.37
FAQ,Jan 2008,10.275
FAQ,Feb 2008,10.964
FAQ,Mar 2008,11.087
FAQ,Apr 2008,11.623
FAQ,May 2008,12.514
FAQ,Jun 2008,11.46
FAQ,Jul 2008,12.374
FAQ,Aug 2008,11.816
FAQ,Sep 2008,11.353
FAQ,Oct 2008,9.024
FAQ,Nov 2008,7.965
FAQ,Dec 2008,8.215
FAQ,Jan 2009,8.946
FAQ,Feb 2009,9.032
FAQ,Mar 2009,9.509
FAQ,Apr 2009,10.129
FAQ,May 2009,10.485
FAQ,Jun 2009,10.301
FAQ,Jul 2009,11.634
FAQ,Aug 2009,11.700
FAQ,Sep 2009,11.855
FAQ,Oct 2009,11.954
FAQ,Nov 2009,12.579
FAQ,Dec 2009,13.032
FAQ,Jan 2010,12.185
FAQ,Feb 2010,12.716
FAQ,Mar 2010,12.555
MMSE,Jan 2000,25.94
MMSE,Feb 2000,28.66
MMSE,Mar 2000,33.95
MMSE,Apr 2000,31.01
MMSE,May 2000,21.00
MMSE,Jun 2000,26.19
MMSE,Jul 2000,25.41
MMSE,Aug 2000,30.47
MMSE,Sep 2000,12.88
MMSE,Oct 2000,9.78
MMSE,Nov 2000,8.25
MMSE,Dec 2000,7.44
MMSE,Jan 2001,10.81
MMSE,Feb 2001,9.12
MMSE,Mar 2001,11.03
MMSE,Apr 2001,12.74
MMSE,May 2001,9.98
MMSE,Jun 2001,11.62
MMSE,Jul 2001,9.4
MMSE,Aug 2001,9.27
MMSE,Sep 2001,7.76
MMSE,Oct 2001,8.78
MMSE,Nov 2001,10.65
MMSE,Dec 2001,10.95
MMSE,Jan 2002,12.36
MMSE,Feb 2002,10.85
MMSE,Mar 2002,11.84
MMSE,Apr 2002,12.14
MMSE,May 2002,11.65
MMSE,Jun 2002,8.86
MMSE,Jul 2002,7.63
MMSE,Aug 2002,7.38
MMSE,Sep 2002,7.25
MMSE,Oct 2002,8.03
MMSE,Nov 2002,7.75
MMSE,Dec 2002,7.16
MMSE,Jan 2003,7.18
MMSE,Feb 2003,7.51
MMSE,Mar 2003,7.07
MMSE,Apr 2003,7.11
MMSE,May 2003,8.98
MMSE,Jun 2003,9.53
MMSE,Jul 2003,10.54
MMSE,Aug 2003,11.31
MMSE,Sep 2003,10.36
MMSE,Oct 2003,11.44
MMSE,Nov 2003,10.45
MMSE,Dec 2003,10.69
MMSE,Jan 2004,11.28
MMSE,Feb 2004,11.96
MMSE,Mar 2004,13.52
MMSE,Apr 2004,12.89
MMSE,May 2004,14.03
MMSE,Jun 2004,16.27
MMSE,Jul 2004,16.17
MMSE,Aug 2004,17.25
MMSE,Sep 2004,19.38
MMSE,Oct 2004,26.2
MMSE,Nov 2004,23.53
MMSE,Dec 2004,22.2
MMSE,Jan 2005,28.45
MMSE,Feb 2005,24.86
MMSE,Mar 2005,21.67
MMSE,Apr 2005,26.06
MMSE,May 2005,29.76
MMSE,Jun 2005,26.81
MMSE,Jul 2005,22.65
MMSE,Aug 2005,26.89
MMSE,Sep 2005,23.61
MMSE,Oct 2005,27.59
MMSE,Nov 2005,27.82
MMSE,Dec 2005,21.89
MMSE,Jan 2006,25.51
MMSE,Feb 2006,28.49
MMSE,Mar 2006,22.72
MMSE,Apr 2006,20.39
MMSE,May 2006,29.77
MMSE,Jun 2006,27.27
MMSE,Jul 2006,27.96
MMSE,Aug 2006,27.85
MMSE,Sep 2006,26.98
MMSE,Oct 2006,21.08
MMSE,Nov 2006,21.66
MMSE,Dec 2006,24.84
MMSE,Jan 2007,25.73
MMSE,Feb 2007,24.61
MMSE,Mar 2007,22.91
MMSE,Apr 2007,29.8
MMSE,May 2007,21.19
MMSE,Jun 2007,22.04
MMSE,Jul 2007,31.76
MMSE,Aug 2007,18.48
MMSE,Sep 2007,15.47
MMSE,Oct 2007,18.95
MMSE,Nov 2007,18.22
MMSE,Dec 2007,19.08
MMSE,Jan 2008,15.36
MMSE,Feb 2008,15.02
MMSE,Mar 2008,14.5
MMSE,Apr 2008,17.95
MMSE,May 2008,18.75
MMSE,Jun 2008,17.44
MMSE,Jul 2008,18.95
MMSE,Aug 2008,19.53
MMSE,Sep 2008,23.66
MMSE,Oct 2008,27.59
MMSE,Nov 2008,22.67
MMSE,Dec 2008,25.35
MMSE,Jan 2009,20.13
MMSE,Feb 2009,19.31
MMSE,Mar 2009,20.12
MMSE,Apr 2009,12.83
MMSE,May 2009,13.81
MMSE,Jun 2009,14.43
MMSE,Jul 2009,16.39
MMSE,Aug 2009,16.21
MMSE,Sep 2009,18.35
MMSE,Oct 2009,18.5
MMSE,Nov 2009,19.91
MMSE,Dec 2009,21.73
MMSE,Jan 2010,19.06
MMSE,Feb 2010,24.62
MMSE,Mar 2010,23.02
